delivary_locations,drone_capacity,obstacles,obstacle_free_distance,brut_force_distance,christofides_distance,entry_exit_distance
31,5,13,87.82512404656123,90.79402919054183,92.5001347007218,94.03047224643096
38,5,13,98.61494226694575,104.17566637941955,107.7323378275856,108.86680551776219
